{
  "name": "core-ajax",
  "private": true,
  "dependencies": {
    "polymer": "Polymer/polymer#^0.5"
  },
  "devDependencies": {
    "polymer-test-tools": "Polymer/polymer-test-tools#master"
  },
  "version": "0.5.4",
  "homepage": "https://github.com/Polymer/core-ajax",
  "_release": "0.5.4",
  "_resolution": {
    "type": "version",
    "tag": "0.5.4",
    "commit": "13d3fe9566a35b8a5bb63324b6de747bf6adb81f"
  },
  "_source": "git://github.com/Polymer/core-ajax.git",
  "_target": "^0.5.0",
  "_originalSource": "Polymer/core-ajax"
}