{
  "name": "paper-ripple",
  "private": true,
  "dependencies": {
    "core-icon": "Polymer/core-icon#^0.5",
    "core-icons": "Polymer/core-icons#^0.5",
    "font-roboto": "Polymer/font-roboto#^0.5"
  },
  "devDependencies": {
    "web-component-tester": "Polymer/web-component-tester#^1.0.0"
  },
  "version": "0.5.4",
  "homepage": "https://github.com/Polymer/paper-ripple",
  "_release": "0.5.4",
  "_resolution": {
    "type": "version",
    "tag": "0.5.4",
    "commit": "e8bbffe1ec001c88f7d58a5becc1d262070657bd"
  },
  "_source": "git://github.com/Polymer/paper-ripple.git",
  "_target": "^0.5",
  "_originalSource": "Polymer/paper-ripple"
}