{
  "name": "paper-shadow",
  "private": true,
  "dependencies": {
    "polymer": "Polymer/polymer#^0.5"
  },
  "devDependencies": {
    "web-component-tester": "Polymer/web-component-tester#^1.1.4"
  },
  "version": "0.5.4",
  "homepage": "https://github.com/Polymer/paper-shadow",
  "_release": "0.5.4",
  "_resolution": {
    "type": "version",
    "tag": "0.5.4",
    "commit": "e31eed2e7ad6a29e2537eeff8829317e7b6859a8"
  },
  "_source": "git://github.com/Polymer/paper-shadow.git",
  "_target": "^0.5",
  "_originalSource": "Polymer/paper-shadow"
}